Segment,Avg_Recency,Avg_Frequency,Avg_Monetary,Avg_Tenure,Avg_AOV,Avg_PurchaseGap,Avg_ProductDiversity,Avg_Predicted_CLTV,Proposed Strategy
High-Value,20.89516129032258,12.027649769585253,549572.7736175115,280.18202764976957,51349.85744545671,2.1754640998164154,145.30414746543778,112628554.6187894,"Tiered loyalty program, early access, exclusive offers."
Medium-Value,39.311349693251536,2.7837423312883436,72523.84526457055,139.81441717791412,28137.00029054375,1.7602454678505615,53.21549079754601,4792781.182019895,Targeted upselling and cross-selling campaigns.
Low-Value,104.27503852080123,2.221109399075501,49529.8030238829,211.25885978428352,25226.239338430252,3.6467918781794237,37.90369799691834,2181551.5956510985,Cost-effective re-engagement emails with small discounts.
At-Risk/Churn,226.58410138248848,1.7131336405529953,35311.89055299539,309.8859447004608,25590.713778596113,5.795306186965879,25.433179723502302,1160765.701348815,"Final, high-discount ""win-back"" offers."
